X,Code.Loc,Camera.Site,Lat_Y,Long_X,Cam.Brand,Flash,RSA.Vegetation,RSA.Biome,Reserve.Area,Stablishment.Year,Tree.Cover.Cam,Tree.Cover.Res,Human.Density.Buffer,Agriculture.Buffer,Build.up.Buffer,PA.Presence.Buffer,Area.PA.Buffer,Dist.Border.Res,First.Photo.Date,Last.Photo.Date,Cam.Days,Season,Lion.Site,Lion.Reserve,Hyena.Site,Hyena.Reserve,Leopard.Site,Leopard.Reserve,Pred.Rich.Site,Pred.Rich.Reserve
1,AUG,AUG_C02,-28.54306,20.02006,Cuddeback,Black,NAMAQUALAND BROKEN VELD,Nama Karoo,536,1966,0,0.062666667,0.01,1.31,16.13,No,0,3903.59,2018-11-23,2019-01-02,40,summer,0,0,0,0,0,1,0,1
2,AUG,AUG_C03,-28.54254,20.04165,Cuddeback,Black,NAMAQUALAND BROKEN VELD,Nama Karoo,536,1966,0,0.062666667,0.01,1.31,16.13,No,0,4498.53,2018-11-23,2019-01-07,45,summer,0,0,0,0,0,1,0,1
3,AUG,AUG_C13,-28.55153,20.26014,Cuddeback,Black,NAMAQUALAND BROKEN VELD,Nama Karoo,536,1966,0.44,0.062666667,0.01,1.31,16.13,No,0,2671.11,2018-11-22,2019-01-04,43,summer,0,0,0,0,1,1,1,1
4,AUG,AUG_C14,-28.54926,20.28575,Cuddeback,Black,NAMAQUALAND BROKEN VELD,Nama Karoo,536,1966,0.48,0.062666667,0.01,1.31,16.13,No,0,3368.88,2018-11-22,2018-12-17,25,summer,0,0,0,0,1,1,1,1
6,AUG,AUG_D02,-28.56286,20.01998,Cuddeback,Black,NAMAQUALAND BROKEN VELD,Nama Karoo,536,1966,0,0.062666667,0.01,1.31,16.13,No,0,1945.3,2018-11-23,2019-01-03,41,summer,0,0,0,0,0,1,0,1
7,AUG,AUG_D03,-28.56452,20.04089,Cuddeback,Black,NAMAQUALAND BROKEN VELD,Nama Karoo,536,1966,0,0.062666667,0.01,1.31,16.13,No,0,2061.49,2018-11-23,2019-01-05,43,summer,0,0,0,0,0,1,0,1
8,AUG,AUG_D05,-28.56493,20.08687,Cuddeback,Black,NAMAQUALAND BROKEN VELD,Nama Karoo,536,1966,0,0.062666667,0.01,1.31,16.13,No,0,2485.25,2018-11-23,2019-01-06,44,summer,0,0,0,0,0,1,0,1
9,AUG,AUG_D06,-28.5633,20.11179,Cuddeback,Black,NAMAQUALAND BROKEN VELD,Nama Karoo,536,1966,0,0.062666667,0.01,1.31,16.13,No,0,3322.08,2018-11-23,2018-12-17,24,summer,0,0,0,0,0,1,0,1
12,AUG,AUG_D13,-28.56748,20.27043,Cuddeback,Black,NAMAQUALAND BROKEN VELD,Nama Karoo,536,1966,0.02,0.062666667,0.01,1.31,16.13,No,0,3050.95,2018-11-22,2018-12-11,19,summer,0,0,0,0,0,1,0,1
13,AUG,AUG_E05,-28.58584,20.08748,Cuddeback,Black,NAMAQUALAND BROKEN VELD,Nama Karoo,536,1966,0,0.062666667,0.01,1.31,16.13,No,0,262.8,2018-11-23,2019-01-03,41,summer,0,0,0,0,0,1,0,1
14,AUG,AUG_E08,-28.57935,20.15412,Cuddeback,Black,NAMAQUALAND BROKEN VELD,Nama Karoo,536,1966,0,0.062666667,0.01,1.31,16.13,No,0,1648.4,2018-11-23,2019-01-05,43,summer,0,0,0,0,0,1,0,1
15,AUG,AUG_E09,-28.58194,20.17719,Cuddeback,Black,NAMAQUALAND BROKEN VELD,Nama Karoo,536,1966,0,0.062666667,0.01,1.31,16.13,No,0,2413.92,2018-11-23,2019-01-11,49,summer,0,0,0,0,0,1,0,1
16,AUG,AUG_E11,-28.58409,20.22702,Cuddeback,Black,NAMAQUALAND BROKEN VELD,Nama Karoo,536,1966,0,0.062666667,0.01,1.31,16.13,No,0,226.2,2018-11-22,2018-12-15,23,summer,0,0,0,0,0,1,0,1
17,AUG,AUG_E12,-28.5882,20.24634,Cuddeback,Black,NAMAQUALAND BROKEN VELD,Nama Karoo,536,1966,0,0.062666667,0.01,1.31,16.13,No,0,112.44,2018-11-24,2018-12-25,31,summer,0,0,0,0,0,1,0,1
18,AUG,AUG_E13,-28.58816,20.26922,Cuddeback,Black,NAMAQUALAND BROKEN VELD,Nama Karoo,536,1966,0,0.062666667,0.01,1.31,16.13,No,0,845.27,2018-11-22,2018-12-15,23,summer,0,0,0,0,0,1,0,1
20,BLO,BLO_A04,-22.96079,29.0942,Cuddeback Ambush,White,MIXED BUSHVELD,Savanna,93.46,2007,5.42,7.901111111,0.17,0.48,0.12,Yes,0,77.97,2018-07-23,2018-11-05,105,winter-spring,0,0,0,1,0,0,0,1
21,BLO,BLO_B02,-22.97752,29.05294,Cuddeback Ambush,White,MIXED BUSHVELD,Savanna,93.46,2007,5.45,7.901111111,0.17,0.48,0.12,Yes,0,89.6,2018-07-24,2018-11-06,105,winter-spring,0,0,0,1,0,0,0,1
22,BLO,BLO_B03,-22.97663,29.0715,Cuddeback Ambush,White,MIXED BUSHVELD,Savanna,93.46,2007,5.96,7.901111111,0.17,0.48,0.12,Yes,0,845.91,2018-07-21,2018-11-06,108,winter-spring,0,0,0,1,0,0,0,1
23,BLO,BLO_B04,-22.97728,29.09327,Cuddeback Ambush,White,SOURISH MIXED BUSHVELD,Savanna,93.46,2007,5.63,7.901111111,0.17,0.48,0.12,Yes,0,1870.43,2018-07-21,2018-11-05,107,winter-spring,0,0,0,1,0,0,0,1
24,BLO,BLO_B05,-22.97751,29.1132,Cuddeback Ambush,White,SOURISH MIXED BUSHVELD,Savanna,93.46,2007,5.57,7.901111111,0.17,0.48,0.12,Yes,0,1386.8,2018-07-21,2018-11-06,108,winter-spring,0,0,0,1,0,0,0,1
25,BLO,BLO_B06,-22.9773,29.13261,Cuddeback Ambush,White,SOURISH MIXED BUSHVELD,Savanna,93.46,2007,6.09,7.901111111,0.17,0.48,0.12,Yes,0,694.74,2018-07-21,2018-11-06,108,winter-spring,0,0,0,1,0,0,0,1
26,BLO,BLO_C02,-22.99776,29.05258,Cuddeback Ambush,White,SOURISH MIXED BUSHVELD,Savanna,93.46,2007,5.94,7.901111111,0.17,0.48,0.12,Yes,0,1826.81,2018-07-21,2018-11-05,107,winter-spring,0,0,0,1,0,0,0,1
27,BLO,BLO_C03,-22.99718,29.07301,Cuddeback Ambush,White,SOURISH MIXED BUSHVELD,Savanna,93.46,2007,7.37,7.901111111,0.17,0.48,0.12,Yes,0,2953.94,2018-07-21,2018-11-06,108,winter-spring,0,0,1,1,0,0,1,1
28,BLO,BLO_C04,-22.99724,29.09333,Cuddeback Ambush,White,SOURISH MIXED BUSHVELD,Savanna,93.46,2007,5.31,7.901111111,0.17,0.48,0.12,Yes,0,3615.36,2018-07-20,2018-11-06,109,winter-spring,0,0,0,1,0,0,0,1
29,BLO,BLO_C05,-22.99548,29.11514,Cuddeback Ambush,White,SOURISH MIXED BUSHVELD,Savanna,93.46,2007,6.08,7.901111111,0.17,0.48,0.12,Yes,0,2584.14,2018-07-21,2018-11-03,105,winter-spring,0,0,0,1,1,1,1,2
30,BLO,BLO_C06,-22.99514,29.13336,Cuddeback Ambush,White,SOURISH MIXED BUSHVELD,Savanna,93.46,2007,5.9,7.901111111,0.17,0.48,0.12,Yes,0,2093.64,2018-07-20,2018-11-06,109,winter-spring,0,0,0,1,0,0,0,1
31,BLO,BLO_C07,-22.9941,29.15365,Cuddeback Ambush,White,SOURISH MIXED BUSHVELD,Savanna,93.46,2007,6.08,7.901111111,0.17,0.48,0.12,Yes,0,472.24,2018-07-20,2018-11-01,104,winter-spring,0,0,0,1,1,1,1,2
32,BLO,BLO_D02,-23.00981,29.04876,Cuddeback Ambush,White,SOURISH MIXED BUSHVELD,Savanna,93.46,2007,8.95,7.901111111,0.17,0.48,0.12,Yes,0,1057.24,2018-07-22,2018-11-05,106,winter-spring,0,0,0,1,0,0,0,1
33,BLO,BLO_D03,-23.01709,29.07506,Cuddeback Ambush,White,SOURISH MIXED BUSHVELD,Savanna,93.46,2007,6.67,7.901111111,0.17,0.48,0.12,Yes,0,3288.26,2018-07-21,2018-11-05,107,winter-spring,0,0,0,1,1,1,1,2
34,BLO,BLO_D04,-23.0202,29.09383,Cuddeback Ambush,White,SOURISH MIXED BUSHVELD,Savanna,93.46,2007,15.82,7.901111111,0.17,0.48,0.12,Yes,0,1876.7,2018-07-21,2018-11-06,108,winter-spring,0,0,0,1,1,1,1,2
35,BLO,BLO_D05,-23.02114,29.11767,Cuddeback Ambush,White,SOURISH MIXED BUSHVELD,Savanna,93.46,2007,16.67,7.901111111,0.17,0.48,0.12,Yes,0,44.41,2018-07-22,2018-11-04,105,winter-spring,0,0,0,1,0,0,0,1
36,BLO,BLO_D06,-23.01625,29.13517,Cuddeback Ambush,White,MIXED BUSHVELD,Savanna,93.46,2007,9.78,7.901111111,0.17,0.48,0.12,Yes,0,135.93,2018-07-21,2018-11-06,108,winter-spring,0,0,0,1,1,1,1,2
37,BLO,BLO_E04,-23.04084,29.09424,Cuddeback Ambush,White,MIXED BUSHVELD,Savanna,93.46,2007,13.53,7.901111111,0.17,0.48,0.12,Yes,0,1014.01,2018-07-22,2018-11-02,103,winter-spring,0,0,0,1,0,0,0,1
38,DHP,DHP_DA06,-34.39777,20.53871,Cuddeback,White,COASTAL MACCHIA,Fynbos,339,1957,36.22,26.62083333,0.03,0.57,0.55,Yes,0.02,3338.83,2018-11-18,2019-02-11,85,summer,0,0,0,0,0,0,0,0
39,DHP,DHP_DB06,-34.41365,20.53245,Cuddeback,White,COASTAL MACCHIA,Fynbos,339,1957,37.73,26.62083333,0.03,0.57,0.55,Yes,0.02,2299.92,2018-12-23,2019-02-01,40,summer,0,0,0,0,0,0,0,0
40,DHP,DHP_DB08,-34.41251,20.58089,Cuddeback,White,COASTAL MACCHIA,Fynbos,339,1957,26.57,26.62083333,0.03,0.57,0.55,Yes,0.02,3794.43,2018-12-17,2019-01-05,19,summer,0,0,0,0,0,0,0,0
41,DHP,DHP_DC07,-34.43589,20.5478,Cuddeback,White,COASTAL MACCHIA,Fynbos,339,1957,38.88,26.62083333,0.03,0.57,0.55,Yes,0.02,3187,2018-11-29,2019-02-11,74,summer,0,0,0,0,0,0,0,0
42,DHP,DHP_DD01,-34.45163,20.40923,Cuddeback,White,COASTAL MACCHIA,Fynbos,339,1957,18.99,26.62083333,0.03,0.57,0.55,Yes,0.02,1894.66,2018-11-14,2019-02-09,87,summer,0,0,0,0,0,0,0,0
43,DHP,DHP_DD02,-34.45095,20.43366,Cuddeback,White,COASTAL MACCHIA,Fynbos,339,1957,24.59,26.62083333,0.03,0.57,0.55,Yes,0.02,2979.55,2018-11-15,2019-02-12,89,summer,0,0,0,0,0,0,0,0
44,DHP,DHP_DD03,-34.44418,20.45724,Cuddeback,White,COASTAL MACCHIA,Fynbos,339,1957,32.12,26.62083333,0.03,0.57,0.55,Yes,0.02,2940.67,2018-12-10,2019-01-18,39,summer,0,0,0,0,0,0,0,0
45,DHP,DHP_DD05,-34.4523,20.50658,Cuddeback,White,COASTAL MACCHIA,Fynbos,339,1957,37.9,26.62083333,0.03,0.57,0.55,Yes,0.02,2816.18,2018-12-13,2019-01-18,36,summer,0,0,0,0,0,0,0,0
46,DHP,DHP_DE02,-34.47276,20.43193,Cuddeback,White,COASTAL MACCHIA,Fynbos,339,1957,10.13,26.62083333,0.03,0.57,0.55,Yes,0.02,2576.43,2018-12-05,2019-02-12,69,summer,0,0,0,0,0,0,0,0
47,DHP,DHP_DE03,-34.47203,20.45828,Cuddeback,White,COASTAL MACCHIA,Thicket,339,1957,10.13,26.62083333,0.03,0.57,0.55,Yes,0.02,2771.99,2018-11-19,2019-02-07,80,summer,0,0,0,0,0,0,0,0
48,DHP,DHP_DE04,-34.47553,20.48403,Cuddeback,White,COASTAL MACCHIA,Thicket,339,1957,15.28,26.62083333,0.03,0.57,0.55,Yes,0.02,1289.11,2018-11-14,2019-01-13,60,summer,0,0,0,0,0,0,0,0
49,DHP,DHP_DE05,-34.47501,20.50598,Cuddeback,White,COASTAL MACCHIA,Thicket,339,1957,30.91,26.62083333,0.03,0.57,0.55,Yes,0.02,528.56,2018-11-27,2019-02-13,78,summer,0,0,0,0,0,0,0,0
51,KAR,KAR_A01,-32.24134,22.24286,Cuddeback - 1347,White,KARROID BROKEN VELD,Nama Karoo,883.26,1979,0.01,0.031052632,0.19,0.02,9.51,No,0,9623.78,2018-08-22,2018-11-06,76,spring,0,1,0,0,0,0,0,1
52,KAR,KAR_A02,-32.24196,22.27288,Cuddeback - 1347,White,KARROID BROKEN VELD,Nama Karoo,883.26,1979,0,0.031052632,0.19,0.02,9.51,No,0,8501.33,2018-08-22,2018-11-08,78,spring,0,1,0,0,0,0,0,1
53,KAR,KAR_A03,-32.24035,22.29523,Cuddeback - 1347,White,KARROID BROKEN VELD,Nama Karoo,883.26,1979,0,0.031052632,0.19,0.02,9.51,No,0,6639.64,2018-08-20,2018-11-05,77,spring,1,1,0,0,0,0,1,1
54,KAR,KAR_B01,-32.25663,22.24936,Cuddeback - 1347,White,KARROID BROKEN VELD,Nama Karoo,883.26,1979,0.03,0.031052632,0.19,0.02,9.51,No,0,8726.38,2018-09-16,2018-11-09,54,spring,0,1,0,0,0,0,0,1
55,KAR,KAR_B02,-32.26155,22.27314,Cuddeback - 1347,White,KARROID BROKEN VELD,Nama Karoo,883.26,1979,0,0.031052632,0.19,0.02,9.51,No,0,8412.65,2018-08-23,2018-11-09,78,spring,0,1,0,0,0,0,0,1
56,KAR,KAR_B03,-32.26008,22.29522,Cuddeback - 1347,White,KARROID BROKEN VELD,Nama Karoo,883.26,1979,0,0.031052632,0.19,0.02,9.51,No,0,7923.06,2018-09-12,2018-11-09,58,spring,0,1,0,0,0,0,0,1
57,KAR,KAR_C01,-32.27611,22.24694,Cuddeback - 1347,White,KARROID BROKEN VELD,Nama Karoo,883.26,1979,0.03,0.031052632,0.19,0.02,9.51,No,0,6954.82,2018-08-20,2018-11-09,81,spring,0,1,0,0,0,0,0,1
58,KAR,KAR_C02,-32.2816,22.26752,Cuddeback - 1347,White,KARROID BROKEN VELD,Nama Karoo,883.26,1979,0.22,0.031052632,0.19,0.02,9.51,No,0,6507.12,2018-08-20,2018-11-07,79,spring,0,1,0,0,0,0,0,1
59,KAR,KAR_C03,-32.27756,22.29848,Cuddeback - 1347,White,KARROID BROKEN VELD,Nama Karoo,883.26,1979,0,0.031052632,0.19,0.02,9.51,No,0,6330.69,2018-08-21,2018-11-07,78,spring,0,1,0,0,0,0,0,1
60,KAR,KAR_C04,-32.27741,22.31083,Cuddeback - 1347,White,KARROID BROKEN VELD,Nama Karoo,883.26,1979,0.02,0.031052632,0.19,0.02,9.51,No,0,6227.02,2018-09-23,2018-11-09,47,spring,1,1,0,0,0,0,1,1
61,KAR,KAR_D01,-32.30053,22.24385,Cuddeback - 1347,White,KARROID BROKEN VELD,Nama Karoo,883.26,1979,0.02,0.031052632,0.19,0.02,9.51,No,0,4733.31,2018-09-15,2018-11-09,55,spring,1,1,0,0,0,0,1,1
62,KAR,KAR_D02,-32.29711,22.26977,Cuddeback - 1347,White,KARROID BROKEN VELD,Nama Karoo,883.26,1979,0.17,0.031052632,0.19,0.02,9.51,No,0,4892.2,2018-08-22,2018-11-03,73,spring,0,1,0,0,0,0,0,1
63,KAR,KAR_D03,-32.29776,22.29542,Cuddeback - 1347,White,KARROID BROKEN VELD,Nama Karoo,883.26,1979,0,0.031052632,0.19,0.02,9.51,No,0,4092.32,2018-08-20,2018-10-30,71,spring,0,1,0,0,0,0,0,1
64,KAR,KAR_D04,-32.30107,22.32058,Cuddeback - 1347,White,KARROID BROKEN VELD,Nama Karoo,883.26,1979,0,0.031052632,0.19,0.02,9.51,No,0,3447.79,2018-08-22,2018-11-09,79,spring,0,1,0,0,0,0,0,1
65,KAR,KAR_E01,-32.31821,22.24697,Cuddeback - 1347,White,KARROID BROKEN VELD,Nama Karoo,883.26,1979,0.05,0.031052632,0.19,0.02,9.51,No,0,3034.59,2018-08-23,2018-11-09,78,spring,1,1,0,0,0,0,1,1
66,KAR,KAR_E02,-32.31995,22.26568,Cuddeback - 1347,White,KARROID BROKEN VELD,Nama Karoo,883.26,1979,0,0.031052632,0.19,0.02,9.51,No,0,2731.37,2018-08-22,2018-10-22,61,spring,0,1,0,0,0,0,0,1
67,KAR,KAR_E03,-32.31567,22.29582,Cuddeback - 1347,White,KARROID BROKEN VELD,Nama Karoo,883.26,1979,0,0.031052632,0.19,0.02,9.51,No,0,2106.6,2018-08-20,2018-11-03,75,spring,1,1,0,0,0,0,1,1
69,KAR,KAR_F02,-32.34151,22.26781,Cuddeback - 1347,White,KARROID BROKEN VELD,Nama Karoo,883.26,1979,0,0.031052632,0.19,0.02,9.51,No,0,332.31,2018-10-15,2018-11-06,22,spring,0,1,0,0,0,0,0,1
70,KAR,KAR_F03,-32.33839,22.29429,Cuddeback - 1347,White,KARROID BROKEN VELD,Nama Karoo,883.26,1979,0.04,0.031052632,0.19,0.02,9.51,No,0,95.7,2018-08-20,2018-11-07,79,spring,0,1,0,0,0,0,0,1
71,KGA,KGA_A01,-26.11928,20.67034,Cuddeback,White,KALAHARI THORNVELD AND SHRUB BUSHVELD,Savanna,2500,1931,0.07,0.294210526,0,0,0.01,No,0.02,4243.83,2018-10-27,2019-01-27,92,spring-summer,0,1,0,1,0,1,0,3
72,KGA,KGA_A02,-26.10414,20.68416,Cuddeback,White,KALAHARI THORNVELD AND SHRUB BUSHVELD,Savanna,2500,1931,0.18,0.294210526,0,0,0.01,No,0.02,3741.11,2018-11-29,2019-01-13,45,spring-summer,0,1,0,1,0,1,0,3
73,KGA,KGA_A03,-26.0899,20.70233,Cuddeback,White,KALAHARI THORNVELD AND SHRUB BUSHVELD,Savanna,2500,1931,0.52,0.294210526,0,0,0.01,No,0.02,2803.34,2018-12-08,2019-01-12,35,spring-summer,0,1,0,1,0,1,0,3
74,KGA,KGA_A04,-26.0802,20.72246,Cuddeback,White,KALAHARI THORNVELD AND SHRUB BUSHVELD,Savanna,2500,1931,0,0.294210526,0,0,0.01,No,0.02,1467.68,2018-11-28,2019-01-25,58,spring-summer,0,1,0,1,0,1,0,3
75,KGA,KGA_A05,-26.07167,20.74342,Cuddeback,White,KALAHARI THORNVELD AND SHRUB BUSHVELD,Savanna,2500,1931,0.06,0.294210526,0,0,0.01,No,0.02,0,2018-11-27,2019-01-20,54,spring-summer,0,1,0,1,1,1,1,3
76,KGA,KGA_A06,-26.05358,20.74994,Cuddeback,White,KALAHARI THORNVELD AND SHRUB BUSHVELD,Savanna,2500,1931,0,0.294210526,0,0,0.01,No,0.02,0,2018-11-29,2019-01-20,52,spring-summer,0,1,0,1,0,1,0,3
77,KGA,KGA_A07,-26.04046,20.73268,Cuddeback,White,KALAHARI THORNVELD AND SHRUB BUSHVELD,Savanna,2500,1931,0,0.294210526,0,0,0.01,No,0.02,0,2018-12-02,2019-01-27,56,spring-summer,0,1,0,1,0,1,0,3
78,KGA,KGA_A08,-26.02861,20.71488,Cuddeback,White,KALAHARI THORNVELD AND SHRUB BUSHVELD,Savanna,2500,1931,0,0.294210526,0,0,0.01,No,0.02,128.89,2018-11-28,2019-01-27,60,spring-summer,1,1,0,1,0,1,1,3
79,KGA,KGA_A09,-26.01258,20.69555,Cuddeback,White,KALAHARI THORNVELD AND SHRUB BUSHVELD,Savanna,2500,1931,0,0.294210526,0,0,0.01,No,0.02,0,2018-12-07,2019-01-11,35,spring-summer,0,1,0,1,0,1,0,3
80,KGA,KGA_A10,-26.00097,20.67547,Cuddeback,White,KALAHARI THORNVELD AND SHRUB BUSHVELD,Savanna,2500,1931,0,0.294210526,0,0,0.01,No,0.02,0,2018-11-28,2019-01-26,59,spring-summer,0,1,0,1,0,1,0,3
81,KGA,KGA_B01,-26.35291,20.59052,Cuddeback,White,KALAHARI THORNVELD AND SHRUB BUSHVELD,Savanna,2500,1931,0.77,0.294210526,0,0,0.01,No,0.02,0,2018-12-01,2019-01-26,56,spring-summer,0,1,0,1,0,1,0,3
82,KGA,KGA_B02,-26.34184,20.57242,Cuddeback,White,KALAHARI THORNVELD AND SHRUB BUSHVELD,Savanna,2500,1931,0.61,0.294210526,0,0,0.01,No,0.02,50.49,2018-11-30,2019-01-18,49,spring-summer,0,1,0,1,1,1,1,3
83,KGA,KGA_B03,-26.33103,20.55291,Cuddeback,White,KALAHARI THORNVELD AND SHRUB BUSHVELD,Savanna,2500,1931,0.74,0.294210526,0,0,0.01,No,0.02,0,2018-12-03,2019-01-23,51,spring-summer,0,1,0,1,0,1,0,3
84,KGA,KGA_B04,-26.31919,20.53468,Cuddeback,White,KALAHARI THORNVELD AND SHRUB BUSHVELD,Savanna,2500,1931,0.57,0.294210526,0,0,0.01,No,0.02,111.69,2018-12-02,2019-01-26,55,spring-summer,0,1,1,1,0,1,1,3
85,KGA,KGA_B05,-26.30858,20.51445,Cuddeback,White,KALAHARI THORNVELD AND SHRUB BUSHVELD,Savanna,2500,1931,0.63,0.294210526,0,0,0.01,No,0.02,0,2018-12-03,2019-01-26,54,spring-summer,0,1,0,1,0,1,0,3
86,KGA,KGA_B06,-26.29181,20.50114,Cuddeback,White,KALAHARI THORNVELD AND SHRUB BUSHVELD,Savanna,2500,1931,0.68,0.294210526,0,0,0.01,No,0.02,202.35,2018-12-02,2019-01-14,43,spring-summer,0,1,1,1,0,1,1,3
87,KGA,KGA_B07,-26.27892,20.48619,Cuddeback,White,KALAHARI THORNVELD AND SHRUB BUSHVELD,Savanna,2500,1931,0.68,0.294210526,0,0,0.01,No,0.02,0,2018-11-29,2019-01-27,59,spring-summer,0,1,0,1,0,1,0,3
88,KGA,KGA_B08,-26.25788,20.48765,Cuddeback,White,KALAHARI THORNVELD AND SHRUB BUSHVELD,Savanna,2500,1931,0.07,0.294210526,0,0,0.01,No,0.02,155.67,2018-12-19,2019-01-22,34,spring-summer,0,1,0,1,0,1,0,3
89,KGA,KGA_B09,-26.23823,20.486,Cuddeback,White,KALAHARI THORNVELD AND SHRUB BUSHVELD,Savanna,2500,1931,0.01,0.294210526,0,0,0.01,No,0.02,0,2018-11-29,2019-01-26,58,spring-summer,0,1,0,1,0,1,0,3
90,MAD,MAD_A03,-24.66725,26.33113,Cuddeback,Black,KALAHARI THORNVELD AND SHRUB BUSHVELD,Savanna,614.26,1991,4.33,4.390789474,0.02,0.65,0.13,Yes,0.01,1574.35,2018-07-08,2018-10-08,92,winter-spring,0,1,0,1,0,1,0,3
91,MAD,MAD_A04,-24.6697,26.34982,Cuddeback,Black,KALAHARI THORNVELD AND SHRUB BUSHVELD,Savanna,614.26,1991,3.51,4.390789474,0.02,0.65,0.13,Yes,0.01,2326.67,2018-07-10,2018-10-08,90,winter-spring,0,1,0,1,0,1,0,3
92,MAD,MAD_A05,-24.66774,26.37113,Cuddeback,Black,KALAHARI THORNVELD AND SHRUB BUSHVELD,Savanna,614.26,1991,4.06,4.390789474,0.02,0.65,0.13,Yes,0.01,2673.21,2018-07-07,2018-10-08,93,winter-spring,0,1,0,1,0,1,0,3
93,MAD,MAD_A06,-24.66882,26.39393,Cuddeback,Black,ARID SWEET BUSHVELD,Savanna,614.26,1991,3.29,4.390789474,0.02,0.65,0.13,Yes,0.01,2079.74,2018-07-11,2018-10-08,89,winter-spring,0,1,0,1,1,1,1,3
94,MAD,MAD_B03,-24.68983,26.32986,Cuddeback,Black,KALAHARI THORNVELD AND SHRUB BUSHVELD,Savanna,614.26,1991,3.75,4.390789474,0.02,0.65,0.13,Yes,0.01,3956.38,2018-07-07,2018-10-08,93,winter-spring,0,1,1,1,0,1,1,3
95,MAD,MAD_B04,-24.68983,26.35063,Cuddeback,Black,KALAHARI THORNVELD AND SHRUB BUSHVELD,Savanna,614.26,1991,4.42,4.390789474,0.02,0.65,0.13,Yes,0.01,4502,2018-07-07,2018-10-08,93,winter-spring,0,1,0,1,0,1,0,3
96,MAD,MAD_B05,-24.68788,26.37236,Cuddeback,Black,KALAHARI THORNVELD AND SHRUB BUSHVELD,Savanna,614.26,1991,3.53,4.390789474,0.02,0.65,0.13,Yes,0.01,4860.09,2018-07-07,2018-10-08,93,winter-spring,0,1,1,1,0,1,1,3
97,MAD,MAD_B06,-24.68812,26.39476,Cuddeback,Black,KALAHARI THORNVELD AND SHRUB BUSHVELD,Savanna,614.26,1991,2.98,4.390789474,0.02,0.65,0.13,Yes,0.01,2648.1,2018-07-07,2018-10-08,93,winter-spring,0,1,1,1,1,1,2,3
98,MAD,MAD_C04,-24.7086,26.34894,Cuddeback,Black,KALAHARI THORNVELD AND SHRUB BUSHVELD,Savanna,614.26,1991,4.32,4.390789474,0.02,0.65,0.13,Yes,0.01,6466.55,2018-07-08,2018-10-08,92,winter-spring,1,1,1,1,0,1,2,3
99,MAD,MAD_C05,-24.70683,26.37296,Cuddeback,Black,KALAHARI THORNVELD AND SHRUB BUSHVELD,Savanna,614.26,1991,3.04,4.390789474,0.02,0.65,0.13,Yes,0.01,4755.24,2018-07-13,2018-10-08,87,winter-spring,0,1,0,1,0,1,0,3
100,MAD,MAD_C06,-24.71081,26.39456,Cuddeback,Black,KALAHARI THORNVELD AND SHRUB BUSHVELD,Savanna,614.26,1991,2.93,4.390789474,0.02,0.65,0.13,Yes,0.01,2525.63,2018-07-08,2018-10-08,92,winter-spring,0,1,1,1,0,1,1,3
101,MAD,MAD_C07,-24.70953,26.41677,Cuddeback,Black,MIXED BUSHVELD,Savanna,614.26,1991,4.31,4.390789474,0.02,0.65,0.13,Yes,0.01,422.07,2018-07-07,2018-10-08,93,winter-spring,0,1,1,1,1,1,2,3
102,MAD,MAD_D03,-24.72961,26.32737,Cuddeback,Black,KALAHARI THORNVELD AND SHRUB BUSHVELD,Savanna,614.26,1991,3.51,4.390789474,0.02,0.65,0.13,Yes,0.01,8145.15,2018-07-07,2018-10-04,89,winter-spring,0,1,1,1,0,1,1,3
103,MAD,MAD_D04,-24.72961,26.35212,Cuddeback,Black,MIXED BUSHVELD,Savanna,614.26,1991,3.56,4.390789474,0.02,0.65,0.13,Yes,0.01,6523.24,2018-07-09,2018-10-08,91,winter-spring,0,1,1,1,1,1,2,3
104,MAD,MAD_D05,-24.73157,26.37519,Cuddeback,Black,MIXED BUSHVELD,Savanna,614.26,1991,3.23,4.390789474,0.02,0.65,0.13,Yes,0.01,4179.23,2018-07-07,2018-10-07,92,winter-spring,0,1,1,1,0,1,1,3
105,MAD,MAD_D06,-24.72846,26.39541,Cuddeback,Black,MIXED BUSHVELD,Savanna,614.26,1991,2.94,4.390789474,0.02,0.65,0.13,Yes,0.01,2245.97,2018-07-07,2018-10-06,91,winter-spring,0,1,0,1,0,1,0,3
106,MAD,MAD_D07,-24.72942,26.41559,Cuddeback,Black,MIXED BUSHVELD,Savanna,614.26,1991,5.18,4.390789474,0.02,0.65,0.13,Yes,0.01,245.22,2018-07-07,2018-10-08,93,winter-spring,0,1,1,1,0,1,1,3
107,MAD,MAD_E04,-24.75103,26.34968,Cuddeback,Black,MIXED BUSHVELD,Savanna,614.26,1991,2.92,4.390789474,0.02,0.65,0.13,Yes,0.01,6959.1,2018-07-07,2018-10-08,93,winter-spring,0,1,0,1,1,1,1,3
108,MAD,MAD_E06,-24.75061,26.3965,Cuddeback,Black,MIXED BUSHVELD,Savanna,614.26,1991,4.38,4.390789474,0.02,0.65,0.13,Yes,0.01,2621.17,2018-07-12,2018-10-07,87,winter-spring,0,1,0,1,1,1,1,3
109,MAD,MAD_F03,-24.77276,26.19587,Cuddeback,Black,MIXED BUSHVELD,Savanna,614.26,1991,4.61,4.390789474,0.02,0.65,0.13,Yes,0.01,3373,2018-07-10,2018-09-28,80,winter-spring,0,1,0,1,0,1,0,3
110,MAD,MAD_F04,-24.76886,26.21653,Cuddeback,Black,MIXED BUSHVELD,Savanna,614.26,1991,4.91,4.390789474,0.02,0.65,0.13,Yes,0.01,5433.2,2018-07-09,2018-10-06,89,winter-spring,0,1,1,1,0,1,1,3
111,MAD,MAD_F05,-24.77128,26.2366,Cuddeback,Black,MIXED BUSHVELD,Savanna,614.26,1991,5,4.390789474,0.02,0.65,0.13,Yes,0.01,7472.83,2018-07-07,2018-10-06,91,winter-spring,0,1,0,1,0,1,0,3
112,MAD,MAD_G04,-24.78891,26.21991,Cuddeback,Black,MIXED BUSHVELD,Savanna,614.26,1991,5.31,4.390789474,0.02,0.65,0.13,Yes,0.01,5234.95,2018-07-10,2018-10-08,90,winter-spring,0,1,0,1,0,1,0,3
113,MAD,MAD_G05,-24.78618,26.24012,Cuddeback,Black,MIXED BUSHVELD,Savanna,614.26,1991,5.14,4.390789474,0.02,0.65,0.13,Yes,0.01,7136.7,2018-07-07,2018-10-05,90,winter-spring,0,1,0,1,0,1,0,3
114,MAD,MAD_G06,-24.78916,26.26214,Cuddeback,Black,MIXED BUSHVELD,Savanna,614.26,1991,5.59,4.390789474,0.02,0.65,0.13,Yes,0.01,6532.49,2018-07-07,2018-10-08,93,winter-spring,0,1,0,1,0,1,0,3
115,MAD,MAD_G07,-24.79278,26.28168,Cuddeback,Black,MIXED BUSHVELD,Savanna,614.26,1991,5.25,4.390789474,0.02,0.65,0.13,Yes,0.01,6116.9,2018-07-07,2018-09-29,84,winter-spring,0,1,0,1,0,1,0,3
116,MAD,MAD_G08,-24.79028,26.30385,Cuddeback,Black,MIXED BUSHVELD,Savanna,614.26,1991,5.11,4.390789474,0.02,0.65,0.13,Yes,0.01,6919.51,2018-07-07,2018-10-06,91,winter-spring,0,1,0,1,0,1,0,3
117,MAD,MAD_H04,-24.80938,26.21879,Cuddeback,Black,MIXED BUSHVELD,Savanna,614.26,1991,5.95,4.390789474,0.02,0.65,0.13,Yes,0.01,4007.78,2018-07-10,2018-09-03,55,winter-spring,0,1,0,1,0,1,0,3
118,MAD,MAD_H05,-24.80932,26.24091,Cuddeback,Black,MIXED BUSHVELD,Savanna,614.26,1991,5.22,4.390789474,0.02,0.65,0.13,Yes,0.01,4574.21,2018-07-07,2018-10-07,92,winter-spring,0,1,1,1,0,1,1,3
119,MAD,MAD_H06,-24.80924,26.26296,Cuddeback,Black,MIXED BUSHVELD,Savanna,614.26,1991,5.58,4.390789474,0.02,0.65,0.13,Yes,0.01,4313.16,2018-07-08,2018-10-08,92,winter-spring,0,1,0,1,0,1,0,3
121,MAD,MAD_H08,-24.81243,26.30617,Cuddeback,Black,MIXED BUSHVELD,Savanna,614.26,1991,4.98,4.390789474,0.02,0.65,0.13,Yes,0.01,4795.84,2018-07-07,2018-10-08,93,winter-spring,1,1,1,1,1,1,3,3
122,MAD,MAD_H09,-24.8115,26.32693,Cuddeback,Black,MIXED BUSHVELD,Savanna,614.26,1991,5.14,4.390789474,0.02,0.65,0.13,Yes,0.01,5075.23,2018-07-09,2018-10-07,90,winter-spring,1,1,0,1,0,1,1,3
123,MAD,MAD_I04,-24.82969,26.21544,Cuddeback,Black,MIXED BUSHVELD,Savanna,614.26,1991,5.72,4.390789474,0.02,0.65,0.13,Yes,0.01,2386.99,2018-07-07,2018-10-08,93,winter-spring,0,1,0,1,0,1,0,3
124,MAD,MAD_I05,-24.82754,26.23782,Cuddeback,Black,MIXED BUSHVELD,Savanna,614.26,1991,4.94,4.390789474,0.02,0.65,0.13,Yes,0.01,2553.52,2018-07-11,2018-10-08,89,winter-spring,0,1,0,1,0,1,0,3
125,MAD,MAD_I06,-24.82548,26.26108,Cuddeback,Black,MIXED BUSHVELD,Savanna,614.26,1991,4.29,4.390789474,0.02,0.65,0.13,Yes,0.01,2589.06,2018-07-08,2018-10-08,92,winter-spring,0,1,0,1,0,1,0,3
126,MAD,MAD_I07,-24.82696,26.28328,Cuddeback,Black,MIXED BUSHVELD,Savanna,614.26,1991,4.43,4.390789474,0.02,0.65,0.13,Yes,0.01,2392.32,2018-07-07,2018-10-07,92,winter-spring,0,1,0,1,0,1,0,3
127,MAD,MAD_I08,-24.83261,26.30714,Cuddeback,Black,MIXED BUSHVELD,Savanna,614.26,1991,4.46,4.390789474,0.02,0.65,0.13,Yes,0.01,2575.89,2018-07-07,2018-10-07,92,winter-spring,1,1,1,1,0,1,2,3
128,MAD,MAD_I09,-24.82819,26.32777,Cuddeback,Black,MIXED BUSHVELD,Savanna,614.26,1991,5.03,4.390789474,0.02,0.65,0.13,Yes,0.01,3240.1,2018-07-11,2018-10-05,86,winter-spring,0,1,0,1,0,1,0,3
129,MTZ,MTZ_B04,-32.18353,25.41295,Scoutguard,White,DANTHONIA MOUNTAIN VELD REPLACED BY KAROO,Nama Karoo,213.81,1937,5.91,5.423636364,0.01,0.15,0.3,Yes,0,1217.15,2018-03-27,2018-06-19,84,autunm-winter,0,1,0,0,0,0,0,1
130,MTZ,MTZ_B05,-32.20826,25.41481,Scoutguard,White,DANTHONIA MOUNTAIN VELD REPLACED BY KAROO,Nama Karoo,213.81,1937,4.51,5.423636364,0.01,0.15,0.3,Yes,0,799.74,2018-03-27,2018-05-03,37,autunm-winter,0,1,0,0,0,0,0,1
132,MTZ,MTZ_C04,-32.18526,25.43336,Scoutguard,White,DANTHONIA MOUNTAIN VELD REPLACED BY KAROO,Nama Karoo,213.81,1937,5.65,5.423636364,0.01,0.15,0.3,Yes,0,3119.58,2018-03-31,2018-04-21,21,autunm-winter,0,1,0,0,0,0,0,1
133,MTZ,MTZ_C06,-32.23072,25.43576,Scoutguard,White,DANTHONIA MOUNTAIN VELD REPLACED BY KAROO,Grassland,213.81,1937,6.07,5.423636364,0.01,0.15,0.3,Yes,0,837.34,2018-04-07,2018-06-10,64,autunm-winter,0,1,0,0,0,0,0,1
134,MTZ,MTZ_C07,-32.25661,25.43512,Scoutguard,White,KARROID DANTHONIA MOUNTAIN VELD,Grassland,213.81,1937,8.3,5.423636364,0.01,0.15,0.3,Yes,0,1898.43,2018-04-20,2018-06-19,60,autunm-winter,0,1,0,0,0,0,0,1
135,MTZ,MTZ_C08,-32.28169,25.4236,Cuddeback,Black,KARROID DANTHONIA MOUNTAIN VELD,Grassland,213.81,1937,7.67,5.423636364,0.01,0.15,0.3,Yes,0,2085.57,2018-03-28,2018-06-19,83,autunm-winter,1,1,0,0,0,0,1,1
136,MTZ,MTZ_D03,-32.15953,25.49458,Cuddeback,White,FALSE KARROID BROKEN VELD,Nama Karoo,213.81,1937,3.15,5.423636364,0.01,0.15,0.3,Yes,0,2607.67,2018-03-28,2018-05-07,40,autunm-winter,0,1,0,0,0,0,0,1
137,MTZ,MTZ_D04,-32.18498,25.45414,Scoutguard,White,FALSE KARROID BROKEN VELD,Nama Karoo,213.81,1937,4.61,5.423636364,0.01,0.15,0.3,Yes,0,5074.97,2018-03-30,2018-06-21,83,autunm-winter,0,1,0,0,0,0,0,1
139,MTZ,MTZ_E03,-32.16055,25.4747,Cuddeback,White,FALSE KARROID BROKEN VELD,Nama Karoo,213.81,1937,4.37,5.423636364,0.01,0.15,0.3,Yes,0,4236.63,2018-03-28,2018-05-15,48,autunm-winter,0,1,0,0,0,0,0,1
142,MTZ,MTZ_F04,-32.18385,25.49529,Scoutguard,White,FALSE KARROID BROKEN VELD,Nama Karoo,213.81,1937,4.24,5.423636364,0.01,0.15,0.3,Yes,0,3204.7,2018-03-27,2018-06-21,86,autunm-winter,0,1,0,0,0,0,0,1
143,MTZ,MTZ_G04,-32.18459,25.51562,Scoutguard,White,FALSE KARROID BROKEN VELD,Nama Karoo,213.81,1937,5.18,5.423636364,0.01,0.15,0.3,Yes,0,1481.67,2018-03-26,2018-05-26,61,autunm-winter,0,1,0,0,0,0,0,1
144,TSK,TSW_KA02,-27.26188,22.34283,Cuddeback,White,KALAHARI THORNVELD AND SHRUB BUSHVELD,Savanna,1139.3,2008,0.15,1.844,0,0.01,0.04,No,0,3100.45,2018-11-19,2019-02-21,94,summer,0,0,0,0,0,0,0,0
145,TSK,TSW_KA03,-27.2617,22.36669,Cuddeback,White,KALAHARI THORNVELD AND SHRUB BUSHVELD,Savanna,1139.3,2008,0.67,1.844,0,0.01,0.04,No,0,4118.98,2018-11-18,2019-02-19,93,summer,0,0,0,0,0,0,0,0
146,TSK,TSW_KA05,-27.26174,22.41538,Cuddeback,White,KALAHARI THORNVELD AND SHRUB BUSHVELD,Savanna,1139.3,2008,0.88,1.844,0,0.01,0.04,No,0,8178.93,2018-11-22,2019-02-18,88,summer,0,0,0,0,0,0,0,0
147,TSK,TSW_KA06,-27.25917,22.43173,Cuddeback,White,KALAHARI THORNVELD AND SHRUB BUSHVELD,Savanna,1139.3,2008,1.14,1.844,0,0.01,0.04,No,0,9613.67,2018-11-22,2019-02-19,89,summer,0,0,0,0,0,0,0,0
148,TSK,TSW_KA07,-27.25309,22.45428,Cuddeback,White,KALAHARI THORNVELD AND SHRUB BUSHVELD,Savanna,1139.3,2008,2.5,1.844,0,0.01,0.04,No,0,9168.68,2018-11-20,2019-02-20,92,summer,0,0,0,0,0,0,0,0
149,TSK,TSW_KB02,-27.28055,22.34438,Cuddeback,White,KALAHARI THORNVELD AND SHRUB BUSHVELD,Savanna,1139.3,2008,0.23,1.844,0,0.01,0.04,No,0,5173.01,2018-11-23,2019-02-21,90,summer,0,0,0,0,0,0,0,0
150,TSK,TSW_KB03,-27.27885,22.36414,Cuddeback,White,KALAHARI THORNVELD AND SHRUB BUSHVELD,Savanna,1139.3,2008,0.34,1.844,0,0.01,0.04,No,0,5554.63,2018-11-20,2019-02-21,93,summer,0,0,0,0,0,0,0,0
151,TSK,TSW_KB04,-27.28081,22.3887,Cuddeback,White,KALAHARI THORNVELD AND SHRUB BUSHVELD,Savanna,1139.3,2008,0.67,1.844,0,0.01,0.04,No,0,7154.03,2018-11-18,2019-02-19,93,summer,0,0,0,0,0,0,0,0
152,TSK,TSW_KB05,-27.27842,22.41066,Cuddeback,White,KALAHARI THORNVELD AND SHRUB BUSHVELD,Savanna,1139.3,2008,0.85,1.844,0,0.01,0.04,No,0,8645.12,2018-11-18,2019-02-20,94,summer,0,0,0,0,0,0,0,0
153,TSK,TSW_KB07,-27.2801,22.45137,Cuddeback,White,KALAHARI THORNVELD AND SHRUB BUSHVELD,Savanna,1139.3,2008,1.54,1.844,0,0.01,0.04,No,0,9017.36,2018-11-19,2019-02-21,94,summer,0,0,0,0,0,0,0,0
154,TSK,TSW_KC02,-27.30242,22.34617,Cuddeback,White,KALAHARI THORNVELD AND SHRUB BUSHVELD,Savanna,1139.3,2008,0.13,1.844,0,0.01,0.04,No,0,6711.28,2018-11-21,2019-02-21,92,summer,0,0,0,0,0,0,0,0
155,TSK,TSW_KC03,-27.29819,22.36741,Cuddeback,White,KALAHARI THORNVELD AND SHRUB BUSHVELD,Savanna,1139.3,2008,0.73,1.844,0,0.01,0.04,No,0,7642.84,2018-11-20,2019-02-21,93,summer,0,0,0,0,0,0,0,0
156,TSK,TSW_KC04,-27.30098,22.38917,Cuddeback,White,KALAHARI THORNVELD AND SHRUB BUSHVELD,Savanna,1139.3,2008,0.68,1.844,0,0.01,0.04,No,0,8930.42,2018-11-21,2019-02-21,92,summer,0,0,0,0,0,0,0,0
157,TSK,TSW_KC06,-27.30257,22.43358,Cuddeback,White,KALAHARI THORNVELD AND SHRUB BUSHVELD,Savanna,1139.3,2008,1.15,1.844,0,0.01,0.04,No,0,8197.54,2018-11-22,2019-02-19,89,summer,0,0,0,0,0,0,0,0
158,TSK,TSW_KC07,-27.29684,22.45586,Cuddeback,White,KALAHARI THORNVELD AND SHRUB BUSHVELD,Savanna,1139.3,2008,2.03,1.844,0,0.01,0.04,No,0,8343.07,2018-11-23,2019-02-21,90,summer,0,0,0,0,0,0,0,0
159,TSK,TSW_KD02,-27.32092,22.34563,Cuddeback,White,KALAHARI THORNVELD AND SHRUB BUSHVELD,Savanna,1139.3,2008,0.03,1.844,0,0.01,0.04,No,0,7559.04,2018-11-25,2019-02-21,88,summer,0,0,0,0,0,0,0,0
160,TSK,TSW_KD03,-27.32413,22.36665,Cuddeback,White,KALAHARI THORNVELD AND SHRUB BUSHVELD,Savanna,1139.3,2008,0.53,1.844,0,0.01,0.04,No,0,8649.28,2018-11-20,2019-02-21,93,summer,0,0,0,0,0,0,0,0
161,TSL,TSW_LB02,-27.19966,22.49944,Cuddeback,White,KALAHARI THORNVELD AND SHRUB BUSHVELD,Savanna,1139.3,2008,5.12,1.844,0,0.01,0.04,No,0,6811.19,2018-11-22,2019-02-08,78,summer,0,1,0,0,0,1,0,2
162,TSL,TSW_LB03,-27.19757,22.52455,Cuddeback,White,KALAHARI THORNVELD AND SHRUB BUSHVELD,Savanna,1139.3,2008,3.21,1.844,0,0.01,0.04,No,0,4604.71,2018-11-20,2019-02-18,90,summer,0,1,0,0,0,1,0,2
163,TSL,TSW_LC01,-27.21927,22.48024,Cuddeback,White,KALAHARI THORNVELD AND SHRUB BUSHVELD,Savanna,1139.3,2008,3.17,1.844,0,0.01,0.04,No,0,8475.05,2018-11-24,2018-12-21,27,summer,0,1,0,0,0,1,0,2
164,TSL,TSW_LC03,-27.2191,22.52278,Cuddeback,White,KALAHARI THORNVELD AND SHRUB BUSHVELD,Savanna,1139.3,2008,3.07,1.844,0,0.01,0.04,No,0,4336.92,2018-11-21,2019-02-21,92,summer,0,1,0,0,0,1,0,2
166,TSL,TSW_LD03,-27.23686,22.52553,Cuddeback,White,KALAHARI THORNVELD AND SHRUB BUSHVELD,Savanna,1139.3,2008,5.75,1.844,0,0.01,0.04,No,0,3708.63,2018-11-19,2019-02-21,94,summer,1,1,0,0,1,1,1,2
167,TSL,TSW_LE01,-27.25648,22.47845,Cuddeback,White,KALAHARI THORNVELD AND SHRUB BUSHVELD,Savanna,1139.3,2008,2.39,1.844,0,0.01,0.04,No,0,6761.4,2018-11-24,2019-02-21,89,summer,0,1,0,0,0,1,0,2
168,TSL,TSW_LE02,-27.25599,22.50252,Cuddeback,White,KALAHARI THORNVELD AND SHRUB BUSHVELD,Savanna,1139.3,2008,4.79,1.844,0,0.01,0.04,No,0,4549.83,2018-11-24,2019-02-21,89,summer,0,1,0,0,0,1,0,2
169,TSL,TSW_LE03,-27.25842,22.52458,Cuddeback,White,KALAHARI THORNVELD AND SHRUB BUSHVELD,Savanna,1139.3,2008,4.35,1.844,0,0.01,0.04,No,0,2563.07,2018-11-22,2019-02-16,86,summer,1,1,0,0,0,1,0,2
170,PLN,PLN_A01,-25.16281,26.96686,Cuddeback,Black,SOURISH MIXED BUSHVELD,Savanna,493.26,1979,4.68,8.474210526,1.85,0.13,4.79,No,0,1581.58,2018-02-26,2018-03-29,31,summer-autunm,0,1,0,1,0,1,0,3
171,PLN,PLN_A02,-25.16086,27.02899,Cuddeback,Black,SOUR BUSHVELD,Savanna,493.26,1979,7.59,8.474210526,1.85,0.13,4.79,No,0,1590.17,2018-02-23,2018-04-06,42,summer-autunm,0,1,0,1,1,1,1,3
172,PLN,PLN_B01,-25.21823,26.99153,Cuddeback,Black,SOUR BUSHVELD,Savanna,493.26,1979,7.22,8.474210526,1.85,0.13,4.79,No,0,2338.35,2018-02-23,2018-03-25,30,summer-autunm,0,1,0,1,0,1,0,3
174,PLN,PLN_B03,-25.21794,27.06814,Cuddeback,Black,SOUR BUSHVELD,Savanna,493.26,1979,6.63,8.474210526,1.85,0.13,4.79,No,0,8236.77,2018-02-23,2018-03-29,34,summer-autunm,0,1,0,1,0,1,0,3
175,PLN,PLN_B04,-25.21194,27.12563,Cuddeback,Black,SOUR BUSHVELD,Savanna,493.26,1979,5.58,8.474210526,1.85,0.13,4.79,No,0,3416.88,2018-02-22,2018-04-19,56,summer-autunm,1,1,0,1,1,1,2,3
176,PLN,PLN_B05,-25.20306,27.16682,Cuddeback,Black,SOUR BUSHVELD,Savanna,493.26,1979,8.96,8.474210526,1.85,0.13,4.79,No,0,1295.58,2018-03-02,2018-04-15,44,summer-autunm,1,1,0,1,0,1,1,3
177,PLN,PLN_C02,-25.26014,27.01797,Cuddeback,Black,SOUR BUSHVELD,Savanna,493.26,1979,6.6,8.474210526,1.85,0.13,4.79,No,0,6048.26,2018-02-24,2018-04-18,53,summer-autunm,1,1,0,1,0,1,1,3
178,PLN,PLN_C03,-25.25142,27.08037,Cuddeback,Black,SOUR BUSHVELD,Savanna,493.26,1979,9.95,8.474210526,1.85,0.13,4.79,No,0,8636.75,2018-02-22,2018-05-21,88,summer-autunm,1,1,0,1,0,1,1,3
179,PLN,PLN_C04,-25.25423,27.11968,Cuddeback,Black,SOUR BUSHVELD,Savanna,493.26,1979,27.67,8.474210526,1.85,0.13,4.79,No,0,7792.39,2018-02-22,2018-03-13,19,summer-autunm,0,1,0,1,0,1,0,3
180,PLN,PLN_C05,-25.2517,27.17187,Cuddeback,Black,SOUR BUSHVELD,Savanna,493.26,1979,6.81,8.474210526,1.85,0.13,4.79,No,0,3175.11,2018-02-22,2018-03-15,21,summer-autunm,0,1,0,1,0,1,0,3
181,PLN,PLN_C06,-25.25101,27.21082,Cuddeback,Black,SOURISH MIXED BUSHVELD,Savanna,493.26,1979,8.56,8.474210526,1.85,0.13,4.79,No,0,394.32,2018-02-23,2018-03-15,20,summer-autunm,0,1,0,1,0,1,0,3
182,PLN,PLN_D01,-25.29612,26.9715,Cuddeback,Black,SOURISH MIXED BUSHVELD,Savanna,493.26,1979,5.78,8.474210526,1.85,0.13,4.79,No,0,182.37,2018-02-22,2018-04-06,43,summer-autunm,0,1,1,1,0,1,1,3
183,PLN,PLN_D02,-25.30156,27.04135,Cuddeback,Black,SOUR BUSHVELD,Savanna,493.26,1979,5.1,8.474210526,1.85,0.13,4.79,No,0,4541.24,2018-02-23,2018-04-04,40,summer-autunm,0,1,0,1,0,1,0,3
184,PLN,PLN_D03,-25.29935,27.08176,Cuddeback,Black,SOUR BUSHVELD,Savanna,493.26,1979,10.84,8.474210526,1.85,0.13,4.79,No,0,3468.83,2018-02-22,2018-03-21,27,summer-autunm,0,1,0,1,1,1,1,3
185,PLN,PLN_D04,-25.29895,27.10259,Cuddeback,Black,SOUR BUSHVELD,Savanna,493.26,1979,5.08,8.474210526,1.85,0.13,4.79,No,0,3330.73,2018-02-22,2018-04-20,57,summer-autunm,0,1,0,1,1,1,1,3
186,PLN,PLN_D05,-25.30343,27.17809,Cuddeback,Black,SOURISH MIXED BUSHVELD,Savanna,493.26,1979,5.5,8.474210526,1.85,0.13,4.79,No,0,1352.82,2018-03-21,2018-04-15,25,summer-autunm,0,1,0,1,0,1,0,3
187,PLN,PLN_E02,-25.33536,27.03279,Cuddeback,Black,SOURISH MIXED BUSHVELD,Savanna,493.26,1979,10.5,8.474210526,1.85,0.13,4.79,No,0,806.27,2018-02-24,2018-04-04,39,summer-autunm,0,1,0,1,1,1,1,3
188,PLN,PLN_E03,-25.33667,27.05952,Cuddeback,Black,SOURISH MIXED BUSHVELD,Savanna,493.26,1979,8.4,8.474210526,1.85,0.13,4.79,No,0,463.73,2018-03-08,2018-04-05,28,summer-autunm,0,1,0,1,0,1,0,3
189,PLN,PLN_E04,-25.33503,27.11866,Cuddeback,Black,SOURISH MIXED BUSHVELD,Savanna,493.26,1979,9.56,8.474210526,1.85,0.13,4.79,No,0,63.3,2018-03-04,2018-04-14,41,summer-autunm,0,1,0,1,0,1,0,3
190,KRU,KRU_1,-23.7765,31.72061,Cuddeback,Black,MOPANI VELD,Savanna,5000,1926,4.68,11.59269231,0.11,0,0.29,Yes,0.01,0,2018-05-31,2018-08-26,87,winter,0,1,0,1,1,1,1,3
192,KRU,KRU_3,-23.84517,31.71886,Cuddeback,Black,MOPANI VELD,Savanna,5000,1926,6.78,11.59269231,0.11,0,0.29,Yes,0.01,2719.65,2018-06-02,2018-08-24,83,winter,0,1,0,1,0,1,0,3
193,KRU,KRU_4,-23.81906,31.68189,Cuddeback,Black,MOPANI VELD,Savanna,5000,1926,5.79,11.59269231,0.11,0,0.29,Yes,0.01,1510.83,2018-06-02,2018-08-17,76,winter,0,1,0,1,0,1,0,3
194,KRU,KRU_5,-23.87175,31.7575,Cuddeback,Black,MOPANI VELD,Savanna,5000,1926,4.92,11.59269231,0.11,0,0.29,Yes,0.01,0,2018-06-02,2018-08-23,82,winter,0,1,1,1,1,1,2,3
195,KRU,KRU_6,-23.87178,31.75747,Cuddeback,Black,MOPANI VELD,Savanna,5000,1926,6.27,11.59269231,0.11,0,0.29,Yes,0.01,2.93,2018-06-02,2018-08-19,78,winter,0,1,0,1,0,1,0,3
196,KRU,KRU_7,-23.94036,31.73233,Cuddeback,Black,ARID LOWVELD,Savanna,5000,1926,33.83,11.59269231,0.11,0,0.29,Yes,0.01,2279.44,2018-06-01,2018-08-28,88,winter,0,1,1,1,1,1,2,3
197,KRU,KRU_8,-23.91528,31.69239,Cuddeback,Black,MOPANI VELD,Savanna,5000,1926,36.37,11.59269231,0.11,0,0.29,Yes,0.01,6446.47,2018-06-01,2018-09-05,96,winter,0,1,1,1,1,1,2,3
198,KRU,KRU_9,-23.88089,31.64386,Cuddeback,Black,MOPANI VELD,Savanna,5000,1926,26.84,11.59269231,0.11,0,0.29,Yes,0.01,4795.84,2018-06-03,2018-09-04,93,winter,0,1,1,1,0,1,1,3
199,KRU,KRU_11,-23.85444,31.60325,Cuddeback,Black,MOPANI VELD,Savanna,5000,1926,36.36,11.59269231,0.11,0,0.29,Yes,0.01,0,2018-05-31,2018-08-29,90,winter,0,1,1,1,0,1,1,3
200,KRU,KRU_12,-23.89103,31.61825,Cuddeback,Black,MOPANI VELD,Savanna,5000,1926,5.89,11.59269231,0.11,0,0.29,Yes,0.01,4171.79,2018-06-06,2018-08-18,73,winter,0,1,1,1,0,1,1,3
201,KRU,KRU_13,-23.93678,31.64139,Cuddeback,Black,MOPANI VELD,Savanna,5000,1926,5.75,11.59269231,0.11,0,0.29,Yes,0.01,9651.4,2018-06-04,2018-08-04,61,winter,0,1,1,1,0,1,1,3
202,KRU,KRU_14,-23.97881,31.66164,Cuddeback,Black,ARID LOWVELD,Savanna,5000,1926,5.81,11.59269231,0.11,0,0.29,Yes,0.01,7541.3,2018-06-05,2018-08-13,69,winter,1,1,1,1,0,1,2,3
203,KRU,KRU_15,-23.99203,31.64292,Cuddeback,Black,ARID LOWVELD,Savanna,5000,1926,6.35,11.59269231,0.11,0,0.29,Yes,0.01,5578.61,2018-06-05,2018-09-03,90,winter,0,1,0,1,1,1,1,3
204,KRU,KRU_16,-23.95747,31.62417,Cuddeback,Black,ARID LOWVELD,Savanna,5000,1926,5.59,11.59269231,0.11,0,0.29,Yes,0.01,8669.21,2018-06-01,2018-08-28,88,winter,0,1,0,1,1,1,1,3
205,KRU,KRU_17,-23.93147,31.61731,Cuddeback,Black,MOPANI VELD,Savanna,5000,1926,5.81,11.59269231,0.11,0,0.29,Yes,0.01,7727.65,2018-06-06,2018-08-19,74,winter,0,1,1,1,0,1,1,3
206,KRU,KRU_18,-23.94189,31.58772,Cuddeback,Black,MOPANI VELD,Savanna,5000,1926,5.71,11.59269231,0.11,0,0.29,Yes,0.01,6877.93,2018-06-07,2018-08-29,83,winter,0,1,0,1,0,1,0,3
207,KRU,KRU_19,-23.90008,31.58814,Cuddeback,Black,MOPANI VELD,Savanna,5000,1926,6.08,11.59269231,0.11,0,0.29,Yes,0.01,3167.79,2018-06-04,2018-08-08,65,winter,0,1,0,1,1,1,1,3
208,KRU,KRU_20,-23.89228,31.5515,Cuddeback,Black,MOPANI VELD,Savanna,5000,1926,5.2,11.59269231,0.11,0,0.29,Yes,0.01,266.02,2018-06-05,2018-08-26,82,winter,0,1,1,1,0,1,1,3
209,KRU,KRU_21,-23.92825,31.55814,Cuddeback,Black,MOPANI VELD,Savanna,5000,1926,4.88,11.59269231,0.11,0,0.29,Yes,0.01,3879.68,2018-06-09,2018-08-24,76,winter,0,1,0,1,0,1,0,3
210,KRU,KRU_22,-23.97136,31.56558,Cuddeback,Black,ARID LOWVELD,Savanna,5000,1926,5.37,11.59269231,0.11,0,0.29,Yes,0.01,5431.71,2018-06-05,2018-08-27,83,winter,1,1,1,1,0,1,2,3
211,KRU,KRU_23,-23.99192,31.58197,Cuddeback,Black,ARID LOWVELD,Savanna,5000,1926,6.25,11.59269231,0.11,0,0.29,Yes,0.01,3751.87,2018-06-07,2018-09-07,92,winter,0,1,1,1,0,1,1,3
212,KRU,KRU_25,-24.01367,31.61125,Cuddeback,Black,ARID LOWVELD,Savanna,5000,1926,6.17,11.59269231,0.11,0,0.29,Yes,0.01,2334.61,2018-06-07,2018-08-30,84,winter,0,1,1,1,0,1,1,3
213,KRU,KRU_29,-23.97814,31.45736,Cuddeback,Black,ARID LOWVELD,Savanna,5000,1926,3.71,11.59269231,0.11,0,0.29,Yes,0.01,1442.6,2018-06-05,2018-07-17,42,winter,1,1,1,1,0,1,2,3
214,KRU,KRU_30,-23.98008,31.4165,Cuddeback,Black,ARID LOWVELD,Savanna,5000,1926,3.82,11.59269231,0.11,0,0.29,Yes,0.01,0,2018-06-12,2018-08-28,77,winter,0,1,1,1,1,1,2,3
215,KRU,KRU_34,-24.01586,31.66889,Cuddeback,Black,ARID LOWVELD,Savanna,5000,1926,25.67,11.59269231,0.11,0,0.29,Yes,0.01,3840.07,2018-06-06,2018-08-03,58,winter,0,1,0,1,0,1,0,3
216,KRU,KRU_35,-24.05803,31.68953,Cuddeback,Black,ARID LOWVELD,Savanna,5000,1926,31.51,11.59269231,0.11,0,0.29,Yes,0.01,0,2018-06-18,2018-07-20,32,winter,0,1,1,1,0,1,1,3
217,APN,APN_K014,-24.27102778,31.15586111,Cuddeback 1347,White,ARID LOWVELD,Savanna,590.45,1972,2.95,2.890625,0.2,0.04,0.62,Yes,0,4911.09,2018-10-25,2018-11-28,34,spring-summer,0,1,1,1,1,1,2,3
218,APN,APN_K011,-24.23569444,31.18658333,Cuddeback 1347,White,ARID LOWVELD,Savanna,590.45,1972,2.72,2.890625,0.2,0.04,0.62,Yes,0,7784.19,2018-10-25,2018-12-12,48,spring-summer,0,1,1,1,0,1,1,3
219,APN,APN_K013,-24.24805556,31.21961111,Cuddeback 1347,White,ARID LOWVELD,Savanna,590.45,1972,2.64,2.890625,0.2,0.04,0.62,Yes,0,6462.97,2018-10-23,2019-01-22,91,spring-summer,0,1,1,1,1,1,2,3
220,APN,APN_K012,-24.22777778,31.22847222,Cuddeback 1347,White,ARID LOWVELD,Savanna,590.45,1972,2.92,2.890625,0.2,0.04,0.62,Yes,0,7270.18,2018-10-25,2018-12-26,62,spring-summer,0,1,1,1,0,1,1,3
221,APN,APN_K073,-24.17741667,31.28913889,Cuddeback 1347,White,ARID LOWVELD,Savanna,590.45,1972,3.12,2.890625,0.2,0.04,0.62,Yes,0,155.85,2018-10-23,2019-01-25,94,spring-summer,0,1,1,1,1,1,2,3
222,APN,APN_K064,-24.11252778,31.25158333,Cuddeback 1347,White,ARID LOWVELD,Savanna,590.45,1972,2.82,2.890625,0.2,0.04,0.62,Yes,0,31.31,2018-10-25,2018-11-14,20,spring-summer,0,1,0,1,0,1,0,3
223,APN,APN_K082,-24.09219444,31.23783333,Cuddeback 1347,White,ARID LOWVELD,Savanna,590.45,1972,3.06,2.890625,0.2,0.04,0.62,Yes,0,404.74,2018-10-23,2018-12-26,64,spring-summer,0,1,1,1,0,1,1,3
224,APN,APN_K062,-24.12538889,31.18930556,Cuddeback 1347,White,ARID LOWVELD,Savanna,590.45,1972,2.93,2.890625,0.2,0.04,0.62,Yes,0,6248.78,2018-10-25,2019-01-22,89,spring-summer,0,1,0,1,0,1,0,3
225,APN,APN_K051,-24.19627778,31.13561111,Cuddeback 1347,White,ARID LOWVELD,Savanna,590.45,1972,2.92,2.890625,0.2,0.04,0.62,Yes,0,6157.3,2018-10-23,2018-12-27,65,spring-summer,0,1,1,1,0,1,1,3
226,APN,APN_K021,-24.18927778,31.1485,Cuddeback 1347,White,ARID LOWVELD,Savanna,590.45,1972,2.36,2.890625,0.2,0.04,0.62,Yes,0,6389.63,2018-10-23,2019-01-25,94,spring-summer,0,1,1,1,1,1,2,3
227,APN,APN_K023,-24.16211111,31.17636111,Cuddeback 1347,White,ARID LOWVELD,Savanna,590.45,1972,2.73,2.890625,0.2,0.04,0.62,Yes,0,7252.47,2018-10-23,2019-01-24,93,spring-summer,0,1,1,1,0,1,1,3
228,APN,APN_K024,-24.21858333,31.1315,Cuddeback 1347,White,ARID LOWVELD,Savanna,590.45,1972,2.91,2.890625,0.2,0.04,0.62,Yes,0,7817.81,2018-10-23,2019-01-25,94,spring-summer,1,1,1,1,0,1,2,3
229,APN,APN_K044,-24.28083333,31.10347222,Cuddeback 1347,White,ARID LOWVELD,Savanna,590.45,1972,3.04,2.890625,0.2,0.04,0.62,Yes,0,4434.19,2018-10-23,2019-01-25,94,spring-summer,0,1,1,1,0,1,1,3
230,APN,APN_K053,-24.27322222,31.08061111,Cuddeback 1347,White,ARID LOWVELD,Savanna,590.45,1972,3.37,2.890625,0.2,0.04,0.62,Yes,0,2055.54,2018-10-24,2019-01-24,92,spring-summer,0,1,1,1,0,1,1,3
231,APN,APN_K034,-24.32288889,31.07033333,Cuddeback 1347,White,ARID LOWVELD,Savanna,590.45,1972,3.05,2.890625,0.2,0.04,0.62,Yes,0,1340.15,2018-10-23,2019-01-22,91,spring-summer,1,1,1,1,0,1,2,3
232,APN,APN_K041,-24.19266667,31.07902778,Cuddeback 1347,White,ARID LOWVELD,Savanna,590.45,1972,2.71,2.890625,0.2,0.04,0.62,Yes,0,2274.26,2018-10-23,2019-01-23,92,spring-summer,0,1,1,1,0,1,1,3
233,KHA,KHA_A03,-25.50637,23.28768,Cuddeback,Black,KALAHARI THORNVELD AND SHRUB BUSHVELD,Savanna,905.16,2007,0.23,0.925,0.01,0.02,0.02,No,0,6863.14,2018-10-02,2018-12-02,61,spring,0,1,0,1,0,0,0,2
234,KHA,KHA_A04,-25.5039,23.30751,Cuddeback,Black,KALAHARI THORNVELD AND SHRUB BUSHVELD,Savanna,905.16,2007,0.89,0.925,0.01,0.02,0.02,No,0,4902.26,2018-10-02,2018-10-29,27,spring,0,1,0,1,0,0,0,2
235,KHA,KHA_A05,-25.50513,23.32901,Cuddeback,Black,KALAHARI THORNVELD AND SHRUB BUSHVELD,Savanna,905.16,2007,0.74,0.925,0.01,0.02,0.02,No,0,2930.13,2018-10-02,2018-11-21,50,spring,0,1,0,1,0,0,0,2
237,KHA,KHA_B03,-25.52786,23.2861,Cuddeback,Black,KALAHARI THORNVELD AND SHRUB BUSHVELD,Savanna,905.16,2007,0.66,0.925,0.01,0.02,0.02,No,0,7458.6,2018-10-02,2018-11-29,58,spring,0,1,0,1,0,0,0,2
238,KHA,KHA_B04,-25.5276,23.30802,Cuddeback,Black,KALAHARI THORNVELD AND SHRUB BUSHVELD,Savanna,905.16,2007,0.15,0.925,0.01,0.02,0.02,No,0,5931.69,2018-10-02,2018-12-03,62,spring,0,1,0,1,0,0,0,2
239,KHA,KHA_B05,-25.52451,23.32966,Cuddeback,Black,KALAHARI THORNVELD AND SHRUB BUSHVELD,Savanna,905.16,2007,0.07,0.925,0.01,0.02,0.02,No,0,3882.96,2018-10-02,2018-11-21,50,spring,0,1,0,1,0,0,0,2
241,KHA,KHA_C02,-25.54675,23.26413,Cuddeback,Black,KALAHARI THORNVELD AND SHRUB BUSHVELD,Savanna,905.16,2007,1.26,0.925,0.01,0.02,0.02,No,0,5880.98,2018-10-01,2018-10-31,30,spring,0,1,0,1,0,0,0,2
243,KHA,KHA_C04,-25.54749,23.30939,Cuddeback,Black,KALAHARI THORNVELD AND SHRUB BUSHVELD,Savanna,905.16,2007,0.32,0.925,0.01,0.02,0.02,No,0,4837.3,2018-10-01,2018-11-23,53,spring,1,1,0,1,0,0,1,2
244,KHA,KHA_C05,-25.54537,23.33054,Cuddeback,Black,KALAHARI THORNVELD AND SHRUB BUSHVELD,Savanna,905.16,2007,0.34,0.925,0.01,0.02,0.02,No,0,4616.03,2018-10-03,2018-11-21,49,spring,0,1,0,1,0,0,0,2
245,KHA,KHA_C06,-25.54432,23.3519,Cuddeback,Black,KALAHARI THORNVELD AND SHRUB BUSHVELD,Savanna,905.16,2007,1.03,0.925,0.01,0.02,0.02,No,0,3248.77,2018-10-01,2018-10-28,27,spring,0,1,0,1,0,0,0,2
246,KHA,KHA_D02,-25.5673,23.26616,Cuddeback,Black,KALAHARI THORNVELD AND SHRUB BUSHVELD,Savanna,905.16,2007,1.5,0.925,0.01,0.02,0.02,No,0,3612.83,2018-10-01,2018-11-26,56,spring,0,1,0,1,0,0,0,2
247,KHA,KHA_D03,-25.56493,23.28529,Cuddeback,Black,KALAHARI THORNVELD AND SHRUB BUSHVELD,Savanna,905.16,2007,1.94,0.925,0.01,0.02,0.02,No,0,3462.38,2018-10-01,2018-10-22,21,spring,0,1,0,1,0,0,0,2
248,KHA,KHA_D04,-25.56418,23.30806,Cuddeback,Black,KALAHARI THORNVELD AND SHRUB BUSHVELD,Savanna,905.16,2007,1.66,0.925,0.01,0.02,0.02,No,0,3058.73,2018-10-01,2018-12-03,63,spring,0,1,0,1,0,0,0,2
249,KHA,KHA_D05,-25.56578,23.33195,Cuddeback,Black,KALAHARI THORNVELD AND SHRUB BUSHVELD,Savanna,905.16,2007,1.59,0.925,0.01,0.02,0.02,No,0,2376.39,2018-10-01,2018-11-28,58,spring,0,1,0,1,0,0,0,2
250,KHA,KHA_D06,-25.56509,23.35288,Cuddeback,Black,KALAHARI THORNVELD AND SHRUB BUSHVELD,Savanna,905.16,2007,0.94,0.925,0.01,0.02,0.02,No,0,2004.72,2018-10-01,2018-11-17,47,spring,0,1,1,1,0,0,1,2
251,KHA,KHA_E03,-25.58684,23.28916,Cuddeback,Black,KALAHARI THORNVELD AND SHRUB BUSHVELD,Savanna,905.16,2007,1.48,0.925,0.01,0.02,0.02,No,0,1007.88,2018-10-02,2018-11-01,30,spring,0,1,0,1,0,0,0,2
253,VEN,VEN_D01,-22.26736,29.26736,Cuddeback,White,MOPANI VELD,Savanna,322,1989,3.21,4.672631579,0.04,0.38,2.66,Yes,0.01,10.12,2018-10-12,2018-11-17,36,spring-summer,0,1,0,1,0,1,0,3
254,VEN,VEN_A01,-22.28234,29.27256,Cuddeback,White,MOPANI VELD,Savanna,322,1989,3.36,4.672631579,0.04,0.38,2.66,Yes,0.01,1732.46,2018-10-17,2019-01-05,80,spring-summer,1,1,0,1,0,1,1,3
255,VEN,VEN_A02,-22.30731,29.26691,Cuddeback,White,MOPANI VELD,Savanna,322,1989,4.04,4.672631579,0.04,0.38,2.66,Yes,0.01,4149.12,2018-10-13,2019-01-17,96,spring-summer,1,1,1,1,0,1,2,3
256,VEN,VEN_A03,-22.32698,29.26993,Cuddeback,White,MOPANI VELD,Savanna,322,1989,3.87,4.672631579,0.04,0.38,2.66,Yes,0.01,6239.32,2018-10-15,2019-01-17,94,spring-summer,1,1,1,1,0,1,2,3
257,VEN,VEN_A04,-22.34862,29.2706,Cuddeback,White,MOPANI VELD,Savanna,322,1989,3.85,4.672631579,0.04,0.38,2.66,Yes,0.01,7408.74,2018-10-13,2019-01-18,97,spring-summer,1,1,0,1,0,1,1,3
258,VEN,VEN_A05,-22.36621,29.27349,Cuddeback,White,MOPANI VELD,Savanna,322,1989,4.53,4.672631579,0.04,0.38,2.66,Yes,0.01,5621.05,2018-10-12,2019-01-18,98,spring-summer,0,1,1,1,0,1,1,3
259,VEN,VEN_B04,-22.34719,29.297,Cuddeback,White,MOPANI VELD,Savanna,322,1989,4.13,4.672631579,0.04,0.38,2.66,Yes,0.01,7243.45,2018-10-22,2019-01-18,88,spring-summer,0,1,0,1,0,1,0,3
260,VEN,VEN_C01,-22.2833,29.31536,Cuddeback,White,MOPANI VELD,Savanna,322,1989,3.44,4.672631579,0.04,0.38,2.66,Yes,0.01,2024.75,2018-10-14,2019-01-18,96,spring-summer,1,1,0,1,0,1,1,3
261,VEN,VEN_B01,-22.29047,29.29813,Cuddeback,White,MOPANI VELD,Savanna,322,1989,3.26,4.672631579,0.04,0.38,2.66,Yes,0.01,2974.97,2018-10-12,2018-11-05,24,spring-summer,0,1,0,1,0,1,0,3
262,VEN,VEN_C02,-22.30443,29.31264,Cuddeback,White,MOPANI VELD,Savanna,322,1989,3.26,4.672631579,0.04,0.38,2.66,Yes,0.01,4380.51,2018-10-14,2019-01-18,96,spring-summer,0,1,0,1,1,1,1,3
263,VEN,VEN_B02,-22.30911,29.29319,Cuddeback,White,MOPANI VELD,Savanna,322,1989,3.7,4.672631579,0.04,0.38,2.66,Yes,0.01,5077.09,2018-10-13,2019-01-16,95,spring-summer,0,1,0,1,0,1,0,3
264,VEN,VEN_D02,-22.3025,29.32424,Cuddeback,White,MOPANI VELD,Savanna,322,1989,3.14,4.672631579,0.04,0.38,2.66,Yes,0.01,4056.33,2018-10-12,2019-01-18,98,spring-summer,1,1,1,1,1,1,3,3
265,VEN,VEN_E02,-22.29463,29.33519,Cuddeback,White,MOPANI VELD,Savanna,322,1989,3.48,4.672631579,0.04,0.38,2.66,Yes,0.01,3026.48,2018-10-22,2019-01-18,88,spring-summer,1,1,0,1,1,1,2,3
266,VEN,VEN_D05,-22.37046,29.33389,Cuddeback,White,MOPANI VELD,Savanna,322,1989,4.25,4.672631579,0.04,0.38,2.66,Yes,0.01,3795.77,2018-11-18,2019-01-18,61,spring-summer,0,1,1,1,0,1,1,3
267,VEN,VEN_C05,-22.36847,29.30647,Cuddeback,White,MOPANI VELD,Savanna,322,1989,4.59,4.672631579,0.04,0.38,2.66,Yes,0.01,4699.69,2018-10-12,2018-11-17,36,spring-summer,0,1,0,1,0,1,0,3
268,VEN,VEN_B05,-22.37327,29.29039,Cuddeback,White,MOPANI VELD,Savanna,322,1989,4.09,4.672631579,0.04,0.38,2.66,Yes,0.01,4742.14,2018-10-12,2019-01-13,93,spring-summer,0,1,0,1,1,1,1,3
269,VEN,VEN_C04,-22.3433,29.31846,Cuddeback,White,MOPANI VELD,Savanna,322,1989,5.09,4.672631579,0.04,0.38,2.66,Yes,0.01,5731.42,2018-10-12,2018-12-27,76,spring-summer,0,1,0,1,0,1,0,3
270,VEN,VEN_D04,-22.34255,29.33343,Cuddeback,White,MOPANI VELD,Savanna,322,1989,19.78,4.672631579,0.04,0.38,2.66,Yes,0.01,4211.09,2018-11-18,2019-01-18,61,spring-summer,1,1,0,1,0,1,1,3
271,VEN,VEN_B03,-22.32581,29.28571,Cuddeback,White,MOPANI VELD,Savanna,322,1989,3.71,4.672631579,0.04,0.38,2.66,Yes,0.01,6732.85,2018-10-12,2019-01-03,83,spring-summer,0,1,0,1,0,1,0,3
272,CDB,CDB_A05,-32.17137,24.49324,Cuddeback,White,FALSE KARROID BROKEN VELD,Nama Karoo,186,2005,2.7,6.834736842,0.6,0.45,1.31,No,0,4.24,2019-02-10,2019-04-30,79,summer-autunm,0,0,0,0,0,0,0,0
273,CDB,CDB_A06,-32.17247,24.51197,Cuddeback,White,FALSE KARROID BROKEN VELD,Nama Karoo,186,2005,1.82,6.834736842,0.6,0.45,1.31,No,0,0.4,2019-02-07,2019-04-26,78,summer-autunm,0,0,0,0,0,0,0,0
274,CDB,CDB_B04,-32.18986,24.47395,Cuddeback,White,FALSE KARROID BROKEN VELD,Nama Karoo,186,2005,2.08,6.834736842,0.6,0.45,1.31,No,0,253.68,2019-02-02,2019-04-30,87,summer-autunm,0,0,0,0,0,0,0,0
275,CDB,CDB_B06,-32.1876,24.51084,Cuddeback,White,FALSE KARROID BROKEN VELD,Nama Karoo,186,2005,4.31,6.834736842,0.6,0.45,1.31,No,0,1273.33,2019-01-31,2019-04-30,89,summer-autunm,0,0,0,0,0,0,0,0
276,CDB,CDB_B07,-32.19009,24.53279,Cuddeback,White,FALSE KARROID BROKEN VELD,Nama Karoo,186,2005,6.43,6.834736842,0.6,0.45,1.31,No,0,30.78,2019-01-31,2019-04-30,89,summer-autunm,0,0,0,0,0,0,0,0
277,CDB,CDB_C03,-32.20811,24.45247,Cuddeback,White,FALSE KARROID BROKEN VELD,Nama Karoo,186,2005,2.06,6.834736842,0.6,0.45,1.31,No,0,791.3,2019-02-04,2019-04-29,84,summer-autunm,0,0,0,0,0,0,0,0
278,CDB,CDB_C04,-32.20655,24.4707,Cuddeback,White,FALSE KARROID BROKEN VELD,Nama Karoo,186,2005,1.24,6.834736842,0.6,0.45,1.31,No,0,71.39,2019-02-02,2019-04-28,85,summer-autunm,0,0,0,0,0,0,0,0
279,CDB,CDB_C05,-32.20943,24.49503,Cuddeback,White,FALSE KARROID BROKEN VELD,Nama Karoo,186,2005,2.86,6.834736842,0.6,0.45,1.31,No,0,1643.96,2019-02-03,2019-04-30,86,summer-autunm,0,0,0,0,0,0,0,0
280,CDB,CDB_C06,-32.20034,24.50242,Cuddeback,White,FALSE KARROID BROKEN VELD,Nama Karoo,186,2005,5.6,6.834736842,0.6,0.45,1.31,No,0,1336.44,2019-02-01,2019-04-30,88,summer-autunm,0,0,0,0,0,0,0,0
281,CDB,CDB_C07,-32.2091,24.53523,Cuddeback,White,FALSE KARROID BROKEN VELD,Nama Karoo,186,2005,4.59,6.834736842,0.6,0.45,1.31,No,0,602.28,2019-01-31,2019-04-29,88,summer-autunm,0,0,0,0,0,0,0,0
282,CDB,CDB_D02,-32.22839,24.43369,Cuddeback,White,FALSE KARROID BROKEN VELD,Thicket,186,2005,9.52,6.834736842,0.6,0.45,1.31,No,0,1472.75,2019-01-31,2019-04-24,83,summer-autunm,0,0,0,0,0,0,0,0
283,CDB,CDB_D03,-32.22736,24.44981,Cuddeback,White,FALSE KARROID BROKEN VELD,Nama Karoo,186,2005,5.49,6.834736842,0.6,0.45,1.31,No,0,2554.86,2019-02-01,2019-04-09,67,summer-autunm,0,0,0,0,0,0,0,0
284,CDB,CDB_D04,-32.22676,24.46939,Cuddeback,White,FALSE KARROID BROKEN VELD,Nama Karoo,186,2005,5.55,6.834736842,0.6,0.45,1.31,No,0,2236.02,2019-02-02,2019-04-29,86,summer-autunm,0,0,0,0,0,0,0,0
285,CDB,CDB_D05,-32.22937,24.49467,Cuddeback,White,FALSE KARROID BROKEN VELD,Thicket,186,2005,15.31,6.834736842,0.6,0.45,1.31,No,0,3030,2019-02-16,2019-04-08,51,summer-autunm,0,0,0,0,0,0,0,0
286,CDB,CDB_E02,-32.24827,24.4266,Cuddeback,White,FALSE KARROID BROKEN VELD,Thicket,186,2005,13.19,6.834736842,0.6,0.45,1.31,No,0,554.21,2019-02-04,2019-04-20,75,summer-autunm,0,0,0,0,0,0,0,0
287,CDB,CDB_E03,-32.24911,24.45199,Cuddeback,White,FALSE KARROID BROKEN VELD,Thicket,186,2005,11.35,6.834736842,0.6,0.45,1.31,No,0,1167.25,2019-02-03,2019-04-26,82,summer-autunm,0,0,0,0,0,0,0,0
288,CDB,CDB_E04,-32.24738,24.46918,Cuddeback,White,FALSE KARROID BROKEN VELD,Thicket,186,2005,11.26,6.834736842,0.6,0.45,1.31,No,0,2588.22,2019-02-02,2019-04-30,87,summer-autunm,0,0,0,0,0,0,0,0
289,CDB,CDB_E05,-32.24815,24.49102,Cuddeback,White,FALSE KARROID BROKEN VELD,Thicket,186,2005,12.87,6.834736842,0.6,0.45,1.31,No,0,2869.54,2019-02-02,2019-04-30,87,summer-autunm,0,0,0,0,0,0,0,0
290,CDB,CDB_F03,-32.2646,24.44894,Cuddeback,White,FALSE KARROID BROKEN VELD,Thicket,186,2005,11.63,6.834736842,0.6,0.45,1.31,No,0,456.85,2019-02-02,2019-04-19,76,summer-autunm,0,0,0,0,0,0,0,0
291,GOE,GOE_A01,-29.65453,18.02626,Cuddeback,Black,NAMAQUALAND BROKEN VELD,Succulent Karoo,148,1966,1.27,1.203684211,0.05,0.04,2.01,No,0,1858.01,2019-03-04,2019-05-04,61,autunm,0,0,0,0,0,0,0,0
292,GOE,GOE_A03,-29.63599,18.05648,Cuddeback,Black,NAMAQUALAND BROKEN VELD,Succulent Karoo,148,1966,1.01,1.203684211,0.05,0.04,2.01,No,0,848.41,2019-03-04,2019-04-30,57,autunm,0,0,0,0,0,0,0,0
293,GOE,GOE_A04,-29.63719,18.03355,Cuddeback,Black,NAMAQUALAND BROKEN VELD,Succulent Karoo,148,1966,1.66,1.203684211,0.05,0.04,2.01,No,0,686.31,2019-03-04,2019-05-01,58,autunm,0,0,0,0,0,0,0,0
294,GOE,GOE_A05,-29.6536,18.00795,Cuddeback,Black,NAMAQUALAND BROKEN VELD,Succulent Karoo,148,1966,1.62,1.203684211,0.05,0.04,2.01,No,0,1752.16,2019-03-04,2019-05-08,65,autunm,0,0,0,0,0,0,0,0
295,GOE,GOE_A06,-29.64529,17.99187,Cuddeback,Black,NAMAQUALAND BROKEN VELD,Nama Karoo,148,1966,1.75,1.203684211,0.05,0.04,2.01,No,0,1668.46,2019-03-04,2019-04-26,53,autunm,0,0,0,0,0,0,0,0
296,GOE,GOE_A07,-29.62964,17.98567,Cuddeback,Black,NAMAQUALAND BROKEN VELD,Nama Karoo,148,1966,1.66,1.203684211,0.05,0.04,2.01,No,0,683.26,2019-03-04,2019-04-28,55,autunm,0,0,0,0,0,0,0,0
297,GOE,GOE_A08,-29.61422,17.97839,Cuddeback,Black,NAMAQUALAND BROKEN VELD,Nama Karoo,148,1966,1.37,1.203684211,0.05,0.04,2.01,No,0,1427.3,2019-03-04,2019-05-10,67,autunm,0,0,0,0,0,0,0,0
298,GOE,GOE_A09,-29.60603,17.99523,Cuddeback,Black,NAMAQUALAND BROKEN VELD,Nama Karoo,148,1966,1.69,1.203684211,0.05,0.04,2.01,No,0,2058.87,2019-03-04,2019-05-03,60,autunm,0,0,0,0,0,0,0,0
299,GOE,GOE_A10,-29.60946,18.01309,Cuddeback,Black,NAMAQUALAND BROKEN VELD,Nama Karoo,148,1966,1.58,1.203684211,0.05,0.04,2.01,No,0,333.38,2019-03-04,2019-04-15,42,autunm,0,0,0,0,0,0,0,0
300,GOE,GOE_A11,-29.62491,18.0088,Cuddeback,Black,NAMAQUALAND BROKEN VELD,Nama Karoo,148,1966,1.83,1.203684211,0.05,0.04,2.01,No,0,768.65,2019-03-04,2019-04-29,56,autunm,0,0,0,0,0,0,0,0
301,GOE,GOE_A12,-29.66977,17.99429,Cuddeback,Black,NAMAQUALAND BROKEN VELD,Succulent Karoo,148,1966,1.17,1.203684211,0.05,0.04,2.01,No,0,1983.41,2019-03-05,2019-04-30,56,autunm,0,0,0,0,0,0,0,0
302,GOE,GOE_A13,-29.67983,18.0072,Cuddeback,Black,NAMAQUALAND BROKEN VELD,Succulent Karoo,148,1966,0.87,1.203684211,0.05,0.04,2.01,No,0,2537.2,2019-03-05,2019-03-28,23,autunm,0,0,0,0,0,0,0,0
303,GOE,GOE_A14,-29.67404,18.02976,Cuddeback,Black,NAMAQUALAND BROKEN VELD,Succulent Karoo,148,1966,0.86,1.203684211,0.05,0.04,2.01,No,0,2361.55,2019-03-05,2019-03-29,24,autunm,0,0,0,0,0,0,0,0
304,GOE,GOE_A15,-29.69501,18.01242,Cuddeback,Black,NAMAQUALAND BROKEN VELD,Succulent Karoo,148,1966,1.02,1.203684211,0.05,0.04,2.01,No,0,864.04,2019-03-05,2019-04-30,56,autunm,0,0,0,0,0,0,0,0
305,GOE,GOE_A16,-29.70473,17.99744,Cuddeback,Black,NAMAQUALAND BROKEN VELD,Succulent Karoo,148,1966,1.33,1.203684211,0.05,0.04,2.01,No,0,820.14,2019-03-05,2019-04-21,47,autunm,0,0,0,0,0,0,0,0
306,GOE,GOE_A17,-29.69897,17.97904,Cuddeback,Black,NAMAQUALAND BROKEN VELD,Succulent Karoo,148,1966,1.15,1.203684211,0.05,0.04,2.01,No,0,884.49,2019-03-05,2019-05-08,64,autunm,0,0,0,0,0,0,0,0
307,GOE,GOE_A18,-29.6826,17.981,Cuddeback,Black,NAMAQUALAND BROKEN VELD,Succulent Karoo,148,1966,0.4,1.203684211,0.05,0.04,2.01,No,0,764.53,2019-03-05,2019-05-15,71,autunm,0,0,0,0,0,0,0,0
308,GOE,GOE_A19,-29.68332,17.96162,Cuddeback,Black,NAMAQUALAND BROKEN VELD,Succulent Karoo,148,1966,0.06,1.203684211,0.05,0.04,2.01,No,0,975.48,2019-03-05,2019-04-09,35,autunm,0,0,0,0,0,0,0,0
309,GOE,GOE_A20,-29.68566,17.94282,Cuddeback,Black,NAMAQUALAND BROKEN VELD,Succulent Karoo,148,1966,0.57,1.203684211,0.05,0.04,2.01,No,0,129.77,2019-03-05,2019-04-12,38,autunm,0,0,0,0,0,0,0,0
